prolific_id,turn_index,user_text,dialogue_acts,schemes,rationale
p673,0,I am noticing a threat from the bottom right with the two yellow diagonals. I am thinking of blocking this.,Think Aloud,S,Reasons aloud about the board and an intended blocking move.
p673,1,"I see, even if they complete the 3 diagonal they would still not have an immediate threat. as Red if I am trying to build a threat I am thinking of builiding off my two diagonals and also blocking the two stacked yellows",Conversational Acknowledgment; Think Aloud,S; S,"'I see' acknowledges, then reasons aloud about building/blocking."
p673,2,OKay now I must block their connect 4 obviously,Conversational Acknowledgment; Think Aloud,S; S,'Okay' + verbalized decision to block.
p673,3,Now I am thinking to build my three diagonals wile also setting myself up for a connect 4 on my other diagonal,Think Aloud,S,Verbalizes a two-pronged plan.
p640,0,should I try and fill the second column?,Knowledge Deficit Question,S,Asks the tutor whether a proposed move is good.
p640,1,it would not work,Think Aloud,S,Self-evaluates own idea ('it would not work').
p640,2,I could deceive by filling the first column and reaching the third row,Think Aloud; Misconception,S; S,Proposes deceptive plan; assumes a disc reaches row 3 (gravity misconception).
p640,3,what do you suggest?,Knowledge Deficit Question,S,Directly requests a suggestion.
p640,4,done,Conversational Acknowledgment; Social Coordination Action,S; S,'done' coordinates that an action was completed.
p640,5,how many discs should they align?,Knowledge Deficit Question,S,Asks a factual rule question (how many discs to align).
p640,6,and now?,Knowledge Deficit Question,S,'and now?' requests next-step guidance.
p640,7,the only one was the one I tried,Think Aloud; Metacomment,S; S,Comments on own search ('the only one was the one I tried').
p640,8,now?,Knowledge Deficit Question,S,'now?' requests next-step guidance.
p640,9,the first one?,Vague Answer,S,"Tentative, underspecified reply to a forced choice ('the first one?')."
p255,0,would dropping on column 4 work,Knowledge Deficit Question,S,Asks whether a column move works.
p255,1,why would column 2 not work,Knowledge Deficit Question,S,Asks why a move would not work.
p255,2,would column 6 help,Knowledge Deficit Question,S,Asks whether a column helps.
p255,3,what about column 7,Knowledge Deficit Question,S,Asks about another column option.
p503,0,will I win exact 5 steps or can win in less than 5 steps,Knowledge Deficit Question; Common Ground Question,S; S,Clarifies the win condition ('exactly 5' vs 'less than 5').
p503,1,I think my move can make 4 in a row but why incorrect,Misconception; Knowledge Deficit Question,S; S,Believes the move makes 4-in-a-row and asks why it's wrong.
p414,0,"There is a forced win in 5 moves that I have to work out, how can I think this through to achieve this scenario?",Read Aloud; Knowledge Deficit Question,S; S,"Restates the posed problem, then asks how to think it through."
p414,1,"I can see two moves that create 3 in a row for red, column 2 and column 4. 2 gets immediately blocked by yellow and forces me to play column 3 in the following turn",Think Aloud; Partial Answer,S; S,Works through candidate forcing lines aloud.
p46,0,Do you think it is good to be offensive or defensive in my next move?,Forced Choice; Knowledge Deficit Question,T; S,Poses an offense-vs-defense binary to the tutor (tutor-style forced choice).
p46,1,"Yellow has three in a row now, but so do I",Think Aloud,S,States board observation about both sides having three.
p46,2,I cut them off. I think if I played row 3 they would just put one on top?,Think Aloud; Common Ground Question,S; S,Reasons aloud and checks understanding ('they would just put one on top?').
p139,0,where is the biggest threat?,Knowledge Deficit Question,S,Asks where the biggest threat is.
p139,1,where is my strongest position?,Knowledge Deficit Question,S,Asks where own strongest position is.
p139,2,where is my strongest position?,Knowledge Deficit Question; Repetition,S; T,Repeats the strongest-position question verbatim.
p139,3,where is my weakest position?,Knowledge Deficit Question,S,Asks where own weakest position is.
p668,0,should i play left corner,Knowledge Deficit Question,S,Asks whether to play the left corner.
p668,1,i'm trying to block the yellow diagonal,Think Aloud,S,States current goal/intent (blocking the yellow diagonal).
p668,2,what should i do next,Knowledge Deficit Question,S,Asks what to do next.
p613,0,Are there any slots I should avoid?,Knowledge Deficit Question,S,Asks which slots to avoid.
p74,0,Should I make a defensive play or force an attack,Forced Choice; Knowledge Deficit Question,T; S,Poses defense-vs-attack binary to the tutor.
p74,1,I see a spot I can drop a 3rd red on the left,Think Aloud,S,"Notes a spot to drop a third red, reasoning aloud."
p580,0,is there a column that will be the best chance for a win right now?,Knowledge Deficit Question,S,Asks for the best winning-chance column.
p580,1,okay I would have to block them now or I lose,Conversational Acknowledgment; Think Aloud,S; S,'okay' + reasons that a block is forced.
p580,2,why couldnt i play 3,Knowledge Deficit Question,S,Asks why a move isn't allowed/advisable.
p580,3,which ones would allow me a win just the ones possible you dont have to tell me which one,Knowledge Deficit Question,S,Asks which moves permit a win (without the exact answer).
