prolific_id,efficiency,solved,n_turns,total_acts,acts_per_turn,KDQ_rate,ThinkAloud_rate,reasoning_rate,help_rate,reasoning_share
p255,0.25,False,4,4,1.0,1.0,0.0,0.0,1.0,0.0
p668,0.25,False,3,3,1.0,0.667,0.333,0.333,0.667,0.333
p74,0.25,False,2,3,1.5,0.5,0.5,0.5,1.0,0.333
p613,0.375,False,1,1,1.0,1.0,0.0,0.0,1.0,0.0
p640,0.625,True,10,11,1.1,0.6,0.3,0.4,0.6,0.4
p580,0.625,True,4,5,1.25,0.75,0.25,0.25,0.75,0.25
p414,0.833,True,2,4,2.0,0.5,0.5,1.0,0.5,0.667
p46,0.833,True,3,5,1.667,0.333,0.667,1.0,0.667,0.6
p673,1.0,True,4,6,1.5,0.0,1.0,1.0,0.0,1.0
p139,1.0,True,4,4,1.0,1.0,0.0,0.0,1.0,0.0

feature,spearman_r,spearman_p,pearson_r,pearson_p
n_turns,0.28,0.4349,0.175,nan
total_acts,0.562,0.0977,0.355,nan
acts_per_turn,0.391,0.2626,0.423,nan
KDQ_rate,-0.343,0.3278,-0.426,nan
ThinkAloud_rate,0.299,0.3949,0.423,nan
reasoning_rate,0.356,0.3058,0.496,nan
help_rate,-0.474,0.1648,-0.552,nan
reasoning_share,0.421,0.2214,0.512,nan
