dialogue_act,scheme,outcome,prolific_id,turn_index,user_text,co_acts,rationale
Knowledge Deficit Question,student,solved,p640,0,should I try and fill the second column?,,Asks the tutor whether a proposed move is good.
Knowledge Deficit Question,student,solved,p640,3,what do you suggest?,,Directly requests a suggestion.
Knowledge Deficit Question,student,solved,p640,5,how many discs should they align?,,Asks a factual rule question (how many discs to align).
Knowledge Deficit Question,student,solved,p640,6,and now?,,'and now?' requests next-step guidance.
Knowledge Deficit Question,student,solved,p640,8,now?,,'now?' requests next-step guidance.
Knowledge Deficit Question,student,solved,p640,9,the first one?,,Asks the tutor to confirm which of the offered options to take.
Knowledge Deficit Question,student,unsolved,p255,0,would dropping on column 4 work,,Asks whether a column move works.
Knowledge Deficit Question,student,unsolved,p255,1,why would column 2 not work,,Asks why a move would not work.
Knowledge Deficit Question,student,unsolved,p255,2,would column 6 help,,Asks whether a column helps.
Knowledge Deficit Question,student,unsolved,p255,3,what about column 7,,Asks about another column option.
Knowledge Deficit Question,student,excluded(>8),p503,0,will I win exact 5 steps or can win in less than 5 steps,Common Ground Question,Clarifies the win condition ('exactly 5' vs 'less than 5').
Knowledge Deficit Question,student,excluded(>8),p503,1,I think my move can make 4 in a row but why incorrect,,Believes the move makes 4-in-a-row and asks why it's wrong.
Knowledge Deficit Question,student,solved,p414,0,"There is a forced win in 5 moves that I have to work out, how can I think this through to achieve this scenario?",Read Aloud,"Restates the posed problem, then asks how to think it through."
Knowledge Deficit Question,student,solved,p46,0,Do you think it is good to be offensive or defensive in my next move?,Forced Choice,Poses an offense-vs-defense binary to the tutor (tutor-style forced choice).
Knowledge Deficit Question,student,solved,p139,0,where is the biggest threat?,,Asks where the biggest threat is.
Knowledge Deficit Question,student,solved,p139,1,where is my strongest position?,,Asks where own strongest position is.
Knowledge Deficit Question,student,solved,p139,2,where is my strongest position?,,Repeats the strongest-position question verbatim.
Knowledge Deficit Question,student,solved,p139,3,where is my weakest position?,,Asks where own weakest position is.
Knowledge Deficit Question,student,unsolved,p668,0,should i play left corner,,Asks whether to play the left corner.
Knowledge Deficit Question,student,unsolved,p668,2,what should i do next,,Asks what to do next.
Knowledge Deficit Question,student,unsolved,p613,0,Are there any slots I should avoid?,,Asks which slots to avoid.
Knowledge Deficit Question,student,unsolved,p74,0,Should I make a defensive play or force an attack,Forced Choice,Poses defense-vs-attack binary to the tutor.
Knowledge Deficit Question,student,solved,p580,0,is there a column that will be the best chance for a win right now?,,Asks for the best winning-chance column.
Knowledge Deficit Question,student,solved,p580,2,why couldnt i play 3,,Asks why a move isn't allowed/advisable.
Knowledge Deficit Question,student,solved,p580,3,which ones would allow me a win just the ones possible you dont have to tell me which one,,Asks which moves permit a win (without the exact answer).
Think Aloud,student,solved,p673,0,I am noticing a threat from the bottom right with the two yellow diagonals. I am thinking of blocking this.,,Reasons aloud about the board and an intended blocking move.
Think Aloud,student,solved,p673,1,"I see, even if they complete the 3 diagonal they would still not have an immediate threat. as Red if I am trying to build a threat I am thinking of builiding off my two diagonals and also blocking the two stacked yellows",Conversational Acknowledgment,"'I see' acknowledges, then reasons aloud about building/blocking."
Think Aloud,student,solved,p673,2,OKay now I must block their connect 4 obviously,Conversational Acknowledgment,'Okay' + verbalized decision to block.
Think Aloud,student,solved,p673,3,Now I am thinking to build my three diagonals wile also setting myself up for a connect 4 on my other diagonal,,Verbalizes a two-pronged plan.
Think Aloud,student,solved,p640,1,it would not work,,Self-evaluates own idea ('it would not work').
Think Aloud,student,solved,p640,2,I could deceive by filling the first column and reaching the third row,,Proposes deceptive plan; assumes a disc reaches row 3 (gravity misconception).
Think Aloud,student,solved,p640,7,the only one was the one I tried,Metacomment,Comments on own search ('the only one was the one I tried').
Think Aloud,student,solved,p414,1,"I can see two moves that create 3 in a row for red, column 2 and column 4. 2 gets immediately blocked by yellow and forces me to play column 3 in the following turn",Partial Answer,Works through candidate forcing lines aloud.
Think Aloud,student,solved,p46,1,"Yellow has three in a row now, but so do I",,States board observation about both sides having three.
Think Aloud,student,solved,p46,2,I cut them off. I think if I played row 3 they would just put one on top?,Common Ground Question,Reasons aloud and checks understanding ('they would just put one on top?').
Think Aloud,student,unsolved,p668,1,i'm trying to block the yellow diagonal,,States current goal/intent (blocking the yellow diagonal).
Think Aloud,student,unsolved,p74,1,I see a spot I can drop a 3rd red on the left,,"Notes a spot to drop a third red, reasoning aloud."
Think Aloud,student,solved,p580,1,okay I would have to block them now or I lose,Conversational Acknowledgment,'okay' + reasons that a block is forced.
Conversational Acknowledgment,student,solved,p673,1,"I see, even if they complete the 3 diagonal they would still not have an immediate threat. as Red if I am trying to build a threat I am thinking of builiding off my two diagonals and also blocking the two stacked yellows",Think Aloud,"'I see' acknowledges, then reasons aloud about building/blocking."
Conversational Acknowledgment,student,solved,p673,2,OKay now I must block their connect 4 obviously,Think Aloud,'Okay' + verbalized decision to block.
Conversational Acknowledgment,student,solved,p640,4,done,,'done' coordinates that an action was completed.
Conversational Acknowledgment,student,solved,p580,1,okay I would have to block them now or I lose,Think Aloud,'okay' + reasons that a block is forced.
Common Ground Question,student,excluded(>8),p503,0,will I win exact 5 steps or can win in less than 5 steps,Knowledge Deficit Question,Clarifies the win condition ('exactly 5' vs 'less than 5').
Common Ground Question,student,solved,p46,2,I cut them off. I think if I played row 3 they would just put one on top?,Think Aloud,Reasons aloud and checks understanding ('they would just put one on top?').
Metacomment,student,solved,p640,7,the only one was the one I tried,Think Aloud,Comments on own search ('the only one was the one I tried').
Partial Answer,student,solved,p414,1,"I can see two moves that create 3 in a row for red, column 2 and column 4. 2 gets immediately blocked by yellow and forces me to play column 3 in the following turn",Think Aloud,Works through candidate forcing lines aloud.
Read Aloud,student,solved,p414,0,"There is a forced win in 5 moves that I have to work out, how can I think this through to achieve this scenario?",Knowledge Deficit Question,"Restates the posed problem, then asks how to think it through."
Forced Choice,tutor,solved,p46,0,Do you think it is good to be offensive or defensive in my next move?,Knowledge Deficit Question,Poses an offense-vs-defense binary to the tutor (tutor-style forced choice).
Forced Choice,tutor,unsolved,p74,0,Should I make a defensive play or force an attack,Knowledge Deficit Question,Poses defense-vs-attack binary to the tutor.
