FAIL	q5_asst-together_ai_MiniMaxAI_MiniMax-M3_preset14_together:moonshotai_Kimi-K2.6	logs/q5_asst-together_ai_MiniMaxAI_MiniMax-M3_preset14_together:moonshotai_Kimi-K2.6.log
ok	q5_asst-together_ai_MiniMaxAI_MiniMax-M3_preset10_together:moonshotai_Kimi-K2.6
ok	q5_asst-together_ai_MiniMaxAI_MiniMax-M3_preset13_together:moonshotai_Kimi-K2.6
ok	q5_asst-together_ai_MiniMaxAI_MiniMax-M3_preset11_together:moonshotai_Kimi-K2.6
ok	q5_asst-together_ai_MiniMaxAI_MiniMax-M3_preset7_together:moonshotai_Kimi-K2.6
ok	q5_asst-together_ai_MiniMaxAI_MiniMax-M3_preset9_together:moonshotai_Kimi-K2.6
ok	q5_asst-together_ai_MiniMaxAI_MiniMax-M3_preset8_together:moonshotai_Kimi-K2.6
ok	q5_asst-together_ai_MiniMaxAI_MiniMax-M3_preset16_together:moonshotai_Kimi-K2.6
ok	q5_asst-together_ai_MiniMaxAI_MiniMax-M3_preset15_together:moonshotai_Kimi-K2.6
ok	q5_asst-together_ai_MiniMaxAI_MiniMax-M3_preset12_together:moonshotai_Kimi-K2.6
