participant,ts,optimal,status,secs_since_chat,chat_is_latest_event,post_chat
p673,2026-06-27T01:02:59.803008+00:00,True,ongoing,4.3,True,True
p673,2026-06-27T01:03:26.331839+00:00,True,ongoing,30.9,False,False
p673,2026-06-27T01:05:12.239191+00:00,True,ongoing,46.7,True,True
p673,2026-06-27T01:05:21.886580+00:00,True,ongoing,56.4,False,False
p673,2026-06-27T01:05:26.854391+00:00,True,solved,61.3,False,False
p255,2026-06-26T23:55:55.446042+00:00,True,ongoing,46.8,True,True
p255,2026-06-26T23:56:09.071304+00:00,True,ongoing,60.4,False,False
p255,2026-06-26T23:56:18.736527+00:00,False,retry,70.0,False,False
p255,2026-06-26T23:58:16.796156+00:00,False,retry,28.0,True,True
p255,2026-06-26T23:59:37.469206+00:00,False,retry,34.0,True,True
p255,2026-06-26T23:59:41.930963+00:00,False,retry,38.5,False,False
p255,2026-06-26T23:59:45.869117+00:00,False,retry,42.4,False,False
p255,2026-06-26T23:59:49.043278+00:00,False,failed,45.6,False,False
p503,2026-06-27T00:07:27.203875+00:00,True,ongoing,,False,False
p503,2026-06-27T00:07:39.122222+00:00,False,retry,,False,False
p503,2026-06-27T00:08:28.498553+00:00,True,ongoing,,False,False
p503,2026-06-27T00:08:43.657064+00:00,False,retry,,False,False
p503,2026-06-27T00:08:50.187276+00:00,False,retry,,False,False
p503,2026-06-27T00:09:02.656119+00:00,False,retry,,False,False
p503,2026-06-27T00:09:04.908154+00:00,False,retry,,False,False
p503,2026-06-27T00:09:28.751579+00:00,False,failed,,False,False
p503,2026-06-27T00:14:54.160125+00:00,False,retry,,False,False
p503,2026-06-27T00:14:57.737694+00:00,True,ongoing,,False,False
p503,2026-06-27T00:15:12.460691+00:00,False,retry,,False,False
p503,2026-06-27T00:15:17.408952+00:00,True,ongoing,,False,False
p503,2026-06-27T00:16:22.683799+00:00,False,retry,1.6,True,True
p503,2026-06-27T00:16:27.240758+00:00,False,retry,6.1,False,False
p503,2026-06-27T00:16:48.356683+00:00,False,retry,27.3,False,False
p503,2026-06-27T00:18:46.322337+00:00,True,failed,78.1,True,True
p414,2026-06-26T21:27:37.669255+00:00,True,ongoing,162.8,True,True
p414,2026-06-26T21:28:13.464541+00:00,True,ongoing,198.6,False,False
p414,2026-06-26T21:28:36.303915+00:00,False,retry,221.4,False,False
p414,2026-06-26T21:28:46.871791+00:00,True,ongoing,232.0,False,False
p414,2026-06-26T21:28:57.041201+00:00,True,ongoing,242.2,False,False
p414,2026-06-26T21:28:59.714873+00:00,True,solved,244.8,False,False
p46,2026-06-26T23:24:52.959752+00:00,True,ongoing,21.6,True,True
p46,2026-06-26T23:26:03.473106+00:00,True,ongoing,15.7,True,True
p46,2026-06-26T23:26:09.894776+00:00,False,retry,22.1,False,False
p46,2026-06-26T23:27:57.638792+00:00,True,ongoing,28.3,True,True
p46,2026-06-26T23:28:10.012182+00:00,True,ongoing,40.6,False,False
p46,2026-06-26T23:28:12.042764+00:00,True,solved,42.7,False,False
p139,2026-06-27T00:01:26.857891+00:00,True,ongoing,60.5,True,True
p139,2026-06-27T00:01:45.294397+00:00,True,ongoing,78.9,False,False
p139,2026-06-27T00:04:50.721264+00:00,True,ongoing,85.4,True,True
p139,2026-06-27T00:05:07.456518+00:00,True,ongoing,102.1,False,False
p139,2026-06-27T00:05:10.938518+00:00,True,solved,105.6,False,False
p668,2026-06-26T23:08:57.592601+00:00,False,retry,16.0,True,True
p668,2026-06-26T23:09:42.844195+00:00,False,retry,61.3,False,False
p668,2026-06-26T23:10:54.653662+00:00,False,retry,43.7,True,True
p668,2026-06-26T23:11:19.539082+00:00,True,ongoing,68.5,False,False
p668,2026-06-26T23:11:28.040105+00:00,True,ongoing,77.0,False,False
p668,2026-06-26T23:11:53.572852+00:00,False,retry,102.6,False,False
p668,2026-06-26T23:12:39.860379+00:00,False,retry,21.2,True,True
p668,2026-06-26T23:12:50.050119+00:00,False,failed,31.4,False,False
p613,2026-06-27T01:48:43.868274+00:00,True,ongoing,,False,False
p613,2026-06-27T01:49:02.421652+00:00,False,retry,,False,False
p613,2026-06-27T01:49:16.262948+00:00,False,retry,,False,False
p613,2026-06-27T01:49:55.301075+00:00,False,retry,,False,False
p613,2026-06-27T01:50:52.434310+00:00,False,retry,13.7,True,True
p613,2026-06-27T01:51:15.199443+00:00,True,ongoing,36.5,False,False
p613,2026-06-27T01:51:37.854256+00:00,True,ongoing,59.1,False,False
p613,2026-06-27T01:51:53.006431+00:00,False,failed,74.3,False,False
p74,2026-06-26T21:56:08.162847+00:00,False,retry,23.7,True,True
p74,2026-06-26T21:56:28.794592+00:00,True,ongoing,44.4,False,False
p74,2026-06-26T21:57:14.361116+00:00,False,retry,89.9,False,False
p74,2026-06-26T21:57:30.305653+00:00,True,ongoing,105.9,False,False
p74,2026-06-26T21:57:36.917244+00:00,False,retry,112.5,False,False
p74,2026-06-26T21:57:42.731238+00:00,False,retry,118.3,False,False
p74,2026-06-26T21:58:03.081998+00:00,False,retry,138.6,False,False
p74,2026-06-26T21:58:25.065675+00:00,False,failed,160.6,False,False
p580,2026-06-27T00:25:21.138334+00:00,True,ongoing,30.7,True,True
p580,2026-06-27T00:26:26.213949+00:00,False,retry,34.9,True,True
p580,2026-06-27T00:26:35.938591+00:00,True,ongoing,44.6,False,False
p580,2026-06-27T00:26:53.955543+00:00,False,retry,62.6,False,False
p580,2026-06-27T00:28:39.937444+00:00,False,retry,26.0,True,True
p580,2026-06-27T00:28:47.246222+00:00,True,ongoing,33.3,False,False
p580,2026-06-27T00:28:57.721388+00:00,True,ongoing,43.8,False,False
p580,2026-06-27T00:29:02.205033+00:00,True,solved,48.2,False,False
