Timestamp,Prolific ID?,The AI assistant's responses were consistent with the intentions of my questions.,The AI assistant was easy to use.,Any additional feedback you would like to share about the AI assistant?
7/14/2026 11:55:33,p93,Agree,Strongly agree,"IN MY OPINION THE ASSISTANT WAS HELPFULOVERALL BUT COULD BE EASIER AND MORE OBJECTIVE CONCERNING THE PLAYING INSTRUCTIONS, SOME OF THE REASONING WAS NOT NECESSARY"
7/14/2026 12:18:52,p461,Neutral,Agree,
7/14/2026 13:33:59,p775,Neutral,Agree,"None
"
7/14/2026 13:42:57,p236,Strongly agree,Strongly agree,I was happy with the information given.
7/14/2026 14:04:40,p297,Agree,Strongly agree,Helpful 
7/14/2026 14:05:13,p297,Strongly agree,Strongly agree,
7/14/2026 14:14:02,p482,Strongly agree,Strongly agree,
7/14/2026 14:15:39,p482,Neutral,Neutral,I did not use the AI this time.
7/14/2026 15:03:56,p581,Disagree,Neutral,I couldn't see a way to win (especially after my first move was made) The AI assistant didn't ever seem useful so I didn't really pay attention to it.
7/14/2026 16:23:26,p773,Strongly agree,Strongly agree,
7/14/2026 16:46:36,p574,Disagree,Disagree,sucked
7/14/2026 16:52:17,p654,Agree,Strongly agree,I did feel under time pressure. But the AI assistant DID help me decide.
7/14/2026 16:54:39,p444,Agree,Strongly agree,
7/14/2026 17:01:09,p389,Agree,Strongly agree,
7/14/2026 17:07:46,p213,Strongly agree,Strongly agree,The assistant seemed to provide coherent answers
7/14/2026 17:29:35,p540,Strongly agree,Strongly agree,It could give more detailed answers about the possible future moves of the connect four opponent.
7/14/2026 17:41:37,p841,Strongly agree,Strongly agree,no i thought it worked well and was responsive and knowledgeable
7/14/2026 18:07:30,p60,Strongly agree,Strongly agree,I should have listened to its advice. I lost because I decided to do something different.
7/14/2026 18:08:15,p310,Strongly agree,Strongly agree,
7/14/2026 18:09:36,p60,Neutral,Neutral,"The game already had a four in a row for yellow before I even started, and when I mentioned this to the AI, it told me that wasn't the case. I went ahead and made a move that gave me four in a row, but somehow lost. I'm not sure if diagonal doesn't count in this game, but I thought it did. I think there may have been a glitch."
7/15/2026 10:58:22,p203,Agree,Strongly agree,
7/15/2026 11:18:16,p514,Strongly agree,Strongly agree,I thought it worked well as a springboard to bounce ideas off of where to place a tile. It got me thinking about strategy even though I didn't necessarily always agree with its strategic assessment.
7/15/2026 11:22:20,p514,Strongly agree,Strongly agree,My feedback would be the exact same as the first survey. It was a good springboard for bouncing ideas off of.
7/15/2026 11:23:09,p618,Agree,Neutral,"Given the time constraints, it would be better if the AI assistant provided a quicker response. The timer may make participants feel rushed and interacting with the AI will increase frustration because of its slow responses."
7/15/2026 11:24:26,p490,Agree,Agree,"Nothing special to add. The AI assistant was helpful in the beginning, but after a few questions, it started not being completely accurate."
7/15/2026 11:55:34,p223,Strongly agree,Strongly agree,na
7/16/2026 7:42:05,p439,Strongly agree,Strongly agree,
7/16/2026 7:45:24,p400,Strongly agree,Strongly agree,
7/16/2026 7:47:06,p163,Strongly agree,Strongly agree,
7/16/2026 7:49:57,p844,Agree,Agree,
7/16/2026 7:52:07,p789,Agree,Strongly agree,
7/16/2026 7:54:09,p489,Strongly agree,Strongly agree,I think it was pretty good and gave me answers that seemed to make sense. 
7/16/2026 8:00:47,p274,Agree,Agree,It was too wordy but did help me see what I needed to do.
7/16/2026 8:07:34,p571,Agree,Neutral,I should giver clearer outputs with more directly suggested moves.
7/16/2026 8:09:37,p559,Strongly agree,Strongly agree,
7/16/2026 8:18:46,p340,Agree,Strongly agree,
7/16/2026 8:21:40,p652,Strongly agree,Strongly agree,It understood my prompts even when I started to ramble. Responses were sound and logical.
7/16/2026 8:24:25,p652,Strongly agree,Strongly agree,AI was thorough in its explanation.
7/16/2026 8:41:03,p292,Strongly agree,Strongly agree,
7/16/2026 8:53:46,p166,Strongly agree,Strongly agree,
7/16/2026 9:16:10,p449,Strongly agree,Agree,It would have been helpful if the AI assistant started our conversation with some suggestions for the kind of questions I could ask it.
7/16/2026 10:46:26,p847,Strongly agree,Agree,No other feedback
7/16/2026 10:53:31,p699,Strongly agree,Agree,"Looking back, I wish I had given myself the chance to experience the assistant more, but to the extent I did use it, it was pleasant and useful for sure!"
7/16/2026 10:58:37,p218,Neutral,Disagree,The assistant often gave responses that were too general and did not directly address the specific board position or question I asked.
7/16/2026 11:01:28,p244,Strongly agree,Agree,
7/16/2026 11:09:27,p352,Agree,Agree,I didn't win the game but it still helped me with the question I asked.
7/16/2026 11:16:36,p265,Strongly agree,Strongly agree,
7/22/2026 12:59:20,p803,Agree,Agree,
7/22/2026 12:59:24,p740,Agree,Strongly agree,No
7/22/2026 13:04:24,p542,Agree,Neutral,"I found it useful to bounce ideas off. It also made me pause and think more, which prevented a game-losing mistake. I also liked that it didn't immediately give me the answer, but made me think and work it out for myself."
7/22/2026 13:04:59,p851,Agree,Agree,nothing additional responses were direct
7/22/2026 13:06:30,p725,Agree,Agree,no
7/22/2026 13:07:01,p149,Strongly agree,Strongly agree,I felt the AI assistant was really helpful but I think because they were so helpful and offered advice about the next game I spent too much time thinking about that and timed out of the current game. I didn't realise there was a time limit.
7/22/2026 13:07:21,p40,Strongly agree,Strongly agree,I liked the AI assistant a lot. I felt it read my overall tone and frame of mind and so could speak in a direct but informative manner that mimicked my thoughts and internal dialogue. 
7/22/2026 13:08:29,p149,Strongly agree,Strongly agree,I have answered this survey twice now so I think there might be an error.
7/22/2026 13:10:54,p537,Agree,Agree,
7/22/2026 13:12:38,p40,Agree,Strongly agree,"It was good, but could have been more affirmative once the unbeatable winning move appeared."
7/22/2026 13:18:44,p279,Agree,Agree,None
7/22/2026 13:23:50,p117,Agree,Strongly agree,
7/22/2026 13:25:41,p796,Strongly agree,Strongly agree,
7/22/2026 13:26:26,p796,Neutral,Neutral,I didn’t use it in this round.
7/22/2026 13:29:02,p51,Agree,Agree,I chose not to use it
7/22/2026 13:32:04,p51,Agree,Strongly agree,It advised on a defensive move rather than a winning one. Correct under the circumstances.
7/22/2026 13:33:51,p201,Strongly agree,Agree,The context that it gave as part of its answer was helpful in getting me to think about the 'why' so that I could generate good suggestions for the next move.
7/22/2026 13:39:32,p598,Strongly agree,Strongly agree,n/a
7/22/2026 13:44:15,p809,Agree,Strongly agree,
7/22/2026 13:48:09,p800,Agree,Strongly agree,"I liked it. I thought it was helpful to ask me how I felt about my move - if I said highly confident, I hope it wouldn't have offered more help. But I liked how it gave me advice about threats - my issue with Connect 4 is understanding what will happen in 2 or 3 moves time, so the AI is helpful for pointing out threats I may not see "
7/22/2026 14:00:15,601b a0712b0701c46459aab27,Agree,Agree,"The assistant struck a balance of advising about key strategy , without telling me exactly where to make my next move."
7/22/2026 14:03:19,p457,Agree,Strongly agree,"No, there's none."
7/22/2026 14:16:23,p142,Strongly agree,Strongly agree,
7/22/2026 14:29:40,p659,Agree,Agree,"It wasn't clear that the ai assistant only showed up after your first move, so at first I was confused and clicked off the page a couple times to try and see if there was other info."
7/22/2026 14:43:45,p748,Agree,Strongly agree,
7/22/2026 14:48:34,p829,Disagree,Agree,It did not understand the situation on the board well. It confused me and my opponent's roles and moves and so provided poor advice about moves to make.
7/22/2026 14:49:08,p280,Neutral,Agree,No
7/22/2026 14:49:54,p32,Agree,Strongly agree,"I felt the AI could have shown more interaction. I felt they gave the one answer and did not seek to offer alternatives or to provide other ideas or perspectives, but I think (hope) they were correct."
7/22/2026 14:57:06,p478,Neutral,Agree,No
7/22/2026 14:57:08,p548,Agree,Agree,It just fortified my beliefs about the moves I wanted to make. 
7/22/2026 14:59:12,p718,Agree,Agree,"Having the AI assistant state a preference on how it wanted me to format disc positions up front (as part of a welcome message?) would help eliminate some of the uncertainty in how best to communicate with it. It seemed to understand my x, x coordinates just fine, but if I didn't have the background to figure out how to technically express it, I'd be unsure how to describe or format it easily."
7/22/2026 15:03:56,p385,Agree,Strongly agree,
7/22/2026 15:10:12,p670,Strongly agree,Agree,"The assistant gave a clear, actionable line and correctly identified the diagonal threat. The column sequence 4 → 3 → 3 was concise and easy to apply."
7/22/2026 15:17:07,p543,Disagree,Neutral,
7/23/2026 9:14:43,p318,Agree,Strongly agree,
7/23/2026 9:16:03,p318,Neutral,Agree,
7/23/2026 9:16:03,p21,Agree,Agree,"Don't think it's move really helped that much, but hard to tell if you only have 3 moves overall to plan and can't really ""win"" the game to show the choice's merit. It's explanations did show and good understanding of the game and predicting the opponents next moves. I'd give it a solid 8 out of 10, based on logical thinking and ease of understanding. A longer game, to really analyze it's recommended move would've resulted in a (much) higher score."
7/23/2026 9:19:51,p633,Agree,Strongly agree,
7/23/2026 9:19:58,p124,Strongly agree,Strongly agree,"I didn't expect the AI Assistant to be as...technical as it was? I've worked with a lot of AI Assistants but they're normally very warm and maybe overly-friendly at times. This one felt much more rigid and task-focused, rather than focused on personalization and/or establishing a warm/friendly connection. It wasn't a bad thing considering the goal at hand, but it definitely felt a bit more cold than I was expecting."
7/23/2026 9:27:41,p363,Neutral,Agree,I felt like it needed to give more concrete answers instead of asking me things.
7/23/2026 9:32:00,p379,Agree,Agree,Responses were very slow compared to other chatbots/ai assistants I have used previously
7/23/2026 9:41:23,p817,Strongly agree,Strongly agree,
7/23/2026 9:42:08,p672,Strongly agree,Strongly agree,
7/23/2026 9:48:14,p738,Disagree,Neutral,I only got two moves. It was really frustrating.
7/23/2026 10:06:21,p246,Neutral,Neutral,No
7/23/2026 10:09:11,p356,Strongly agree,Agree,
7/23/2026 10:16:11,p656,Neutral,Neutral,
7/23/2026 10:23:04,p119,Agree,Strongly agree,
7/23/2026 10:32:22,p732,Neutral,Disagree,
7/23/2026 11:00:01,p321,Agree,Disagree,"Instead of saying c1, c2 from the very start, please say column instead of just saying C once at the first, so we won't be confuse."
7/23/2026 11:01:04,p193,Strongly agree,Strongly agree,
7/23/2026 11:05:30,p321,Strongly agree,Agree,NA
7/23/2026 11:08:48,p52,Strongly agree,Strongly agree,The answers were helpful and it explained its reasoning to help me in making a decision.
7/23/2026 11:10:17,p620,Disagree,Disagree,"the AI assistant wasn't super helpful, more confusing than anything"
7/23/2026 11:53:45,p420,Neutral,Agree,
7/23/2026 12:56:54,p648,Agree,Agree,
7/23/2026 12:58:24,p13,Agree,Agree,The AI assistant made a mistake and also was not helpful in winning.
7/23/2026 13:08:42,p293,Disagree,Strongly agree,"When I asked my second question it should have immediately told me what to choose, because that's clearly what I was asking."
7/23/2026 13:09:35,p306,Strongly agree,Strongly agree,
7/23/2026 13:15:07,p739,Disagree,Strongly disagree,The AI assistant sent me a message each attempt that said unable to reach AI assistant.
7/24/2026 6:13:10,p513,Strongly agree,Strongly agree,"I did have to ask it to clarify a term, e.g. whether when it used the term ""c5"" it meant ""column 5,"" and since I haven't played Connect Four much (if at all) in my life, I felt a bit embarrassed to have to ask that, as though the AI assistant might think I was an idiot. But that's likely more my issue than the assistant's, and of course it was able to answer my query."
7/24/2026 6:14:41,p8,Agree,Agree,"I believe that the AI had the ability to calculate what moves are and would be possible so could provide good advice on where to place the counter.  However, I am not sure if it was definitely correct!"
7/24/2026 6:16:16,p295,Strongly agree,Agree,I liked its tone ;) quite relaxed and came from a place of wisdom
7/24/2026 6:16:30,p407,Strongly agree,Agree,The AI assistant didn't seem to accurately assess the board when it updated with yellow's move. Its advice looked right otherwise.
7/24/2026 6:21:25,p664,Strongly agree,Agree,
7/24/2026 6:28:04,p445,Agree,Agree,"I only asked it two questions and the first response was easily understandable, but the second response, when I asked for my next best move was a little less easy to understand. The answer was there within the response, but it could have been presented clearer with less ""thought process"" / ""working out"" shown."
7/24/2026 6:28:26,p153,Neutral,Agree,
7/24/2026 6:28:40,p830,Agree,Neutral,
7/24/2026 6:28:46,p153,Agree,Agree,
7/24/2026 6:30:28,p830,Agree,Strongly agree,
7/24/2026 6:31:07,p194,Agree,Agree,None.
7/24/2026 6:34:39,p737,Disagree,Agree,
7/24/2026 6:42:52,p211,Strongly agree,Strongly agree,The AI Assistant was extremely helpful and saved my game. It showed me where to block a move my opponent would have made on their next turn to win the game. 
7/24/2026 6:43:08,p731,Neutral,Strongly agree,N/A
7/24/2026 6:44:18,p316,Neutral,Neutral,
7/24/2026 6:45:56,p755,Neutral,Neutral,"I don't want to use an AI assistant. I just want to play the game and rely on my own ability (or inability, as it were). "
7/24/2026 6:46:34,p211,Strongly agree,Strongly agree,The AI assistant was very helpful again by pointing out a defensive move for me that I hadn’t seen. 
7/24/2026 6:47:11,p7,Strongly agree,Strongly agree,
7/24/2026 7:02:41,p538,Strongly agree,Strongly agree,"I really liked the way it gave examples and identified each disc on the board, That was very helpful to see strategies,"
7/24/2026 7:02:57,p842,Neutral,Neutral,
7/24/2026 7:03:59,p828,Agree,Agree,"I only consulted it at the beginning, then didn't feel the need for further discussion"
7/24/2026 7:06:51,p324,Agree,Agree,"The AI was supportive, yet informative"
7/24/2026 7:15:39,p128,Strongly agree,Strongly agree,The layout was very clear and the answers were simple and helpful
7/28/2026 6:07:41,p258,Strongly agree,Neutral,
7/28/2026 6:08:32,p267,Disagree,Neutral,I felt it gave poor advice - i followed my own instinct and created a row of 4. I would not have won if i had followed the AI's advice. 
7/28/2026 6:10:25,p216,Strongly agree,Strongly agree,
7/28/2026 6:12:14,p168,Agree,Agree,No
7/28/2026 6:15:30,p62,Neutral,Disagree,The AI assistant gave quite complex answers and did not show empathy for my issues which might have helped with my clear thinking
7/28/2026 6:16:55,p227,Agree,Disagree,
7/28/2026 6:17:42,p227,Agree,Neutral,
7/28/2026 6:18:19,p227,Neutral,Neutral,
7/28/2026 6:22:14,p729,Strongly agree,Strongly agree,
7/28/2026 6:23:41,p268,Neutral,Neutral,I ignored the AI assistant for this round
7/28/2026 6:24:20,p706,Agree,Strongly agree,"Enjoyed speaking with the AI assistant as it provided reasoning why it would select certain columns for the next move and why some should be avoided, each selection was easy to understand as the logic was well explained. "
7/28/2026 6:25:27,p493,Strongly agree,Agree,The answers were good but quite wordy
7/28/2026 6:30:29,p601,Strongly agree,Strongly agree,
7/28/2026 6:32:28,p848,Neutral,Agree,no
7/28/2026 6:37:15,p281,Agree,Agree,
7/28/2026 6:41:29,p147,Neutral,Neutral,
7/28/2026 6:41:42,p603,Strongly agree,Strongly agree,
7/28/2026 6:54:36,p832,Disagree,Disagree,"The AI assistant wasn't very straightforward, making it useless considering the relative ease of the game and the time limit."
7/28/2026 6:56:05,p853,Agree,Agree,
7/28/2026 6:57:07,p791,Agree,Agree,"I felt like I didn't need it on the second move, because I would have lost, so didn't use it as much as I would have liked"
7/28/2026 6:59:15,p226,Disagree,Agree,Not sure it correctly analyzed the game. I didn't see a forced win.
7/28/2026 7:03:26,p206,Strongly agree,Strongly agree,"It seemed to make the right choices and to think ahead, which is one of my issues while playing connect 4. Overall, very helpful."
7/28/2026 9:16:46,p393,Strongly agree,Agree,
7/30/2026 6:35:18,p614,Agree,Agree,It was a better player than me! So very helpful to get me to think ahead.
7/30/2026 6:36:34,p614,Agree,Agree,The assistant really helped me play a better game.
7/30/2026 6:39:51,p273,Agree,Disagree,
7/30/2026 6:48:27,p267,Disagree,Neutral,Seemed to give poor advice and it was a little hard to understand its meaning. 
7/30/2026 7:03:09,p853,Neutral,Agree,
7/30/2026 9:21:09,p259,Strongly agree,Strongly agree,
7/30/2026 11:53:27,p216,Strongly agree,Strongly agree,
7/30/2026 11:57:06,p169,Strongly agree,Strongly agree,The AI assistant was helpful in giving good pointers about the game. It didn't give me the ideal move but then I didn't explicitly ask for it so it was good in that it gave me all the information I needed to work it out for myself.
7/30/2026 12:07:46,p339,Neutral,Agree,Its advice on exact moves didn't work that well.
7/30/2026 12:25:55,p373,Agree,Strongly agree,It seemed helpful and explained moves I could take.
7/30/2026 12:43:52,p568,Strongly agree,Strongly agree,
8/3/2026 6:25:19,p11,Agree,Agree,None
8/3/2026 6:51:14,p92,Neutral,Disagree,I didn't use the AI assistant
8/3/2026 7:16:17,p266,Strongly agree,Agree,Sometimes I felt like it was writing too much and was slightly more confusing than it needed to be. It could have been clearer.
8/3/2026 7:33:25,p312,Neutral,Agree,-
8/3/2026 7:43:01,p736,Neutral,Strongly disagree,"It was too vague and the name of cells were not clear, it was all number and no R or C"
8/3/2026 8:21:08,p127,Agree,Agree,
8/3/2026 8:27:42,p578,Agree,Strongly agree,
8/3/2026 8:28:07,p334,Neutral,Agree,
8/3/2026 8:30:12,p838,Neutral,Neutral,I didn't find it particularly helpful.
8/3/2026 8:32:30,p813,Agree,Agree,I felt that it didn't understand that I had limited moves available. 
8/3/2026 8:34:16,p649,Agree,Agree,I didn't think that the AI assistant gave the best advice.
8/3/2026 8:35:59,p23,Neutral,Neutral,
8/3/2026 8:45:43,p824,Agree,Agree,
8/3/2026 8:46:04,p635,Strongly agree,Strongly agree,I liked the questions it would suggest for me to consider - they felt relevant and useful for understanding why you might want to make or keep from making certain moves.
8/3/2026 8:48:30,p752,Agree,Agree,"I don't think it was necessarily an expert in Connect 4 since it seemed to overlook how Yellow would respond after my first move, at least it seemed that way at first."
8/3/2026 8:49:20,p95,Agree,Agree,None
8/3/2026 8:49:41,p423,Strongly agree,Strongly agree,
8/3/2026 8:50:57,p752,Agree,Agree,
8/3/2026 8:54:11,p806,Agree,Agree,
8/3/2026 8:58:05,p608,Agree,Agree,No
8/3/2026 9:05:50,p822,Agree,Neutral,"Hopefully it's ok that I was just asking it about my plans, but I think was helpful for the most part outside of the last response which confused me, maybe because the quick terminology for what area was being identified as a pressure area wasn't straightforward."
8/3/2026 9:06:14,p237,Agree,Neutral,The Ai assistant made things more complicated and I felt like it made the game more hard work.
8/3/2026 9:06:18,p772,Agree,Agree,"While I chose agree for both of the above questions, I did not listen to the AI assistant’s responses. I went with my own strategy and won. I wasn’t really expecting to win as I have played connect 4 before but not recently."
8/3/2026 9:09:09,p644,Strongly agree,Strongly agree,"I thought the responses were great. They were clear, concise and easy to follow. It seemed to have the right suggestions for the game and I appreciated that it asked follow up questions and gave the player additional things to consider before making their next move as well!"
8/3/2026 9:16:38,p612,Agree,Agree,no additional feedback
8/3/2026 9:17:52,p424,Strongly agree,Strongly agree,it was helpful and informative
8/3/2026 9:20:15,p424,Agree,Strongly agree,didnt use the assistant in the second round
8/3/2026 9:20:15,p612,Agree,Agree,
8/3/2026 9:27:52,p77,Strongly agree,Strongly agree,
8/3/2026 9:29:13,p243,Agree,Agree,"The response was slightly lengthy, and I would have preferred a more direct answer."
8/3/2026 9:31:07,p626,Agree,Agree,
8/3/2026 9:35:02,p465,Strongly agree,Strongly agree,No
8/3/2026 9:42:50,p107,Agree,Agree,
8/3/2026 9:43:39,p465,Agree,Strongly agree,No
8/3/2026 9:45:09,p465,Strongly agree,Strongly agree,No
8/3/2026 9:55:13,p712,Neutral,Neutral,"I didn't use it because it seemed absurd to use for such a mindless game. I realize I was setting myself up to win in 4 moves instead of 3, so that was my mistake. Even so, I didn't feel compelled to use the AI."
8/3/2026 9:56:14,p89,Disagree,Disagree,
8/3/2026 10:04:31,p129,Neutral,Agree,
8/3/2026 10:04:47,p785,Agree,Agree,"I thought the tone could have been a little more playful (we are, after all, playing a game)... and that the AI might have offered an example of a few different move possibilities to help me begin to get the hang of strategic thinking here."
8/3/2026 10:10:11,p785,Agree,Neutral,"Again, I might have expected a friendlier tone... with more 'talking through' exactly why my initial idea would or would not work... as well as a reminder that there were limited numbers of moves in the game (never played, forgot that)"
8/3/2026 10:22:56,p492,Strongly agree,Strongly agree,An explanation on how big its context window is would have been helpful info to share.
8/3/2026 10:23:49,p492,Strongly agree,Strongly agree,No additional feedback.
8/3/2026 10:24:59,p476,Agree,Agree,"Everything worked well, thank you."
8/3/2026 10:40:41,p723,Strongly agree,Strongly agree,
8/3/2026 10:45:09,p600,Strongly disagree,Neutral,"The AI assistant wasn't difficult to use, but in game-playing mode you don't want to stop and start typing out sentences. I would expect the AI assistant to see what my moves or attempted moves are and to give me commentary and feedback on what it sees rather than expect me to engage in conversation."