turn_id,source,text,SolReq,CommonGrd,KnowDef,ThinkAloud,Ack,Meta,ProvideInfo,NoAct
1000,controlled,I have one move left. How should I use it?,1,,,,,,,
1001,controlled,I have no choice but to choose 44 right,,1,,1,,,,
1002,controlled,Threats please,,,1,,,,,
1003,controlled,yes,,,,,1,,,
1004,controlled,"I see a yellow diagonal threat on the bottom right, should I drop a chip in column 4 to cut it off or should I put it somewhere else?",,1,,1,,,,
1005,controlled,Are there any alternatives that I should consider?,,,1,,,,,
1006,controlled,Hi. I can see a threat on 4/4 that I think I have to cover? Can you see anyway I can be offensive and defend too?,,,1,1,1,,,
1007,controlled,"i think i meant column 2, row 3",,,,1,,,,
1008,controlled,Should I drop one in column 2?,,1,,,,,,
1009,controlled,"There's a possible yellow diagonal beginning from 2,4 but there's barely any chips in column 7 so it'll take a while to stack up to it. I also have a 3/4 diagonal starting at 1,6. Is there a way I can bait yellow into putting a chip at 3,3 so I can win?",1,,,1,,,,
1010,controlled,Which move would be the best one and why,1,,,,,,,
1011,controlled,Column 4,,1,1,,,,,
1012,controlled,c5 row 4 is already used?,,1,,,,,,
1013,controlled,Where now,1,,,,,,,
1014,controlled,Hi. I would like to learn from my current state of the game. What would be the best move in this case to get closer to a winning move?,1,,,,1,,,
1015,controlled,What now?,1,,,,,,,
1016,controlled,"how about 4, blocking yellow's progress and adding to the diagonal?",,1,,1,,,,
1017,controlled,"Ok, I could block yellow with column 5, row 3",,,,1,1,,,
1018,controlled,"Does ""c5"" mean ""column 5?""",,,1,,,,,
1019,controlled,Would row 6 not be a threat in the future?,,1,,,,,,
1020,controlled,6,,1,,,,,,
1021,controlled,"Ok, now I'm doing column 4, I have no choice, otherwise I lose",,,,1,1,,,
1022,controlled,what is the best first move in connect 4,1,,,,,,,
1023,controlled,Help me,1,,,,,,,
1024,controlled,it's a pre-attack before going 1/1,,,,1,,,,
1025,controlled,"im considering placing my next red at 3,3. thoughts?",,1,,1,,,,
1026,controlled,Please recommend my best move and tell me why. Also please give me hints on best starting position.,1,,,,,,,
1027,controlled,Would column two be a wise move?,,1,,,,,,
1028,controlled,"How about column 5, then?",,1,,,,,,
1029,controlled,i'm going for the diagonal - is this a good move and can i be blocked by the other player easily,,1,,1,,,,
1030,controlled,so I make moves to force yellow to make the move I want them to make?,,,1,,,,,
1031,controlled,"4 would create two possible winning situations for me, no? That is, yellow would be unable to block a win?",,1,,1,,,,
1032,controlled,what about now,1,,,,,,,
1033,controlled,Ah oh! Are there any traps I'm missing?,,,1,,1,,,
1034,controlled,any risks to column 5,,,1,,,,,
1035,controlled,what is the best next 3 moves,1,,,,,,,
1036,controlled,What do you think the best move I could make next would be?,1,,,,,,,
1037,controlled,was my last move good?,,1,,,,,,
1038,controlled,should i play 32 or 33?,,1,,,,,,
1039,controlled,I think my last move opens me up to multiple different options that I cannot be blocked out of,,,,1,,,,
1040,controlled,I can't win,,,,1,,,,
1041,controlled,i blocked them but didn't win either.,,,,1,,,,
1042,controlled,"What do you think about placing red on 1,1 and 2,3?",,1,,,,,,
1043,controlled,any advice for the next move?,1,,,,,,,
1044,controlled,"In thinking of putting it in 2, should I?",,1,,1,,,,
1045,controlled,was there a better move?,,1,,,,,,
1046,controlled,which move strategically is the most optimal,1,,,,,,,
1047,controlled,I need to win in 2 moves I can't see a way to do it?,1,,,,,,,
1048,controlled,"If I don't put it there, won't yellow just win by placing it there next round?",,1,,1,,,,
1049,controlled,I only have one move left and don't see anything obvious.,1,,,,,,,
1050,controlled,"Okay, what's the next best move?",1,,,,,,,
1051,controlled,"Thinking column 7 or 3, both set up evenutal diagonal wins, no?",,1,,1,,,,
1052,controlled,are there any threats?,,,1,,,,,
1053,controlled,Where is the biggest threat from Yellow?,,,1,,,,,
1054,controlled,"Where is the best next slot for me to put my red counter in to ensure that I can win.  I can see a couple of risks, particularly on the left hand side of the board.",1,,,1,,,,
1055,controlled,"Oh, okay I see! What do you recommend after that?",1,,,,1,,,
1056,controlled,I don't think so. can you see if there is any immediate 4-in-a-row you must block?,,,1,,,,,
1057,controlled,What so i need to try to secure column 5 first?,,1,,,,,,
1058,controlled,"good advise, how about trying for diagonal by putting it in 3?",,1,,1,1,,,
1059,controlled,it worked. I was able to connect 4 based on that,,,,,1,,,